lat,lon,adm3_name,weight
7.25,38.75,Munessa,0.006974143199699805
7.25,39.0,Munessa,0.1454034649302876
7.25,39.0,Limu Bilbilo,0.0003310797829989243
7.25,39.25,Limu Bilbilo,0.2939192146447199
7.25,39.25,Inkolo Wabe,0.002946350296194992
7.25,39.5,Limu Bilbilo,0.27895353408799634
7.25,39.5,Inkolo Wabe,0.040901529232508636
7.5,38.5,Adama Tulu Jido Kombolcha,0.04053485833777029
7.5,38.75,Munessa,0.03758081028417729
7.5,39.0,Munessa,0.898265162892431
7.5,39.0,Limu Bilbilo,0.09079014276362031
7.5,39.25,Shirka,0.06038479338525702
7.5,39.25,Degeluna Tijo,0.02334932393309377
7.5,39.25,Munessa,0.004005493248179983
7.5,39.25,Limu Bilbilo,0.7955283771280055
7.5,39.25,Inkolo Wabe,0.07122850780107216
7.5,39.25,Bokoji town,0.04550350450439113
7.5,39.5,Shirka,0.5870237778769949
7.5,39.5,Limu Bilbilo,0.01172968372011428
7.5,39.5,Inkolo Wabe,0.29911300070065705
7.5,39.75,Robe,0.1564429803582998
7.5,39.75,Shirka,0.4891280437627506
7.5,39.75,Inkolo Wabe,0.002674203045096891
7.5,40.0,Seru,0.0330049998816913
7.5,40.0,Robe,0.4101222799460641
7.5,40.0,Shirka,0.027789504052038026
7.5,40.0,Bele Gesgar,0.1439404992432192
7.5,40.25,Seru,0.39151234996677603
7.5,40.25,Robe,0.06595515574092899
7.5,40.25,Bele Gesgar,0.043567905152701196
7.5,40.5,Seru,0.010397551646086094
7.75,38.5,Adama Tulu Jido Kombolcha,0.5709603278700757
7.75,38.75,Adama Tulu Jido Kombolcha,0.6393525806931596
7.75,38.75,Batu town,0.06652782654219339
7.75,38.75,Ziway Dugda,0.054996269659696485
7.75,39.0,Adama Tulu Jido Kombolcha,0.009619417462716275
7.75,39.0,Ziway Dugda,0.15599891674994198
7.75,39.0,Degeluna Tijo,0.285909628962754
7.75,39.0,Tiyo,0.21787279639877344
7.75,39.0,Munessa,0.31884505111350886
7.75,39.25,Shirka,0.007973442046706913
7.75,39.25,Degeluna Tijo,0.7909272005598709
7.75,39.25,Tiyo,0.15559715559270224
7.75,39.25,Munessa,0.009008132050225862
7.75,39.25,Limu Bilbilo,0.03649406975049446
7.75,39.5,Robe,0.09217344890994983
7.75,39.5,Tena,0.5134473356247993
7.75,39.5,Shirka,0.3226729837329527
7.75,39.5,Degeluna Tijo,0.0717062317322989
7.75,39.75,Sude,0.008779642402453618
7.75,39.75,Amigna,0.1510806213013249
7.75,39.75,Robe,0.7882940377456628
7.75,39.75,Tena,0.016219796383973382
7.75,39.75,Shirka,0.03562590216658629
7.75,40.0,Sude,0.004799821567854383
7.75,40.0,Amigna,0.3837870794996505
7.75,40.0,Seru,0.03578979983757946
7.75,40.0,Robe,0.04702283618420264
7.75,40.0,Bele Gesgar,0.5286004629107124
7.75,40.25,Seru,0.916853082031103
7.75,40.25,Bele Gesgar,0.08314691796889673
7.75,40.5,Amigna,0.10185750404462184
7.75,40.5,Seru,0.7304749417666109
7.75,40.75,Seru,0.09255419357326163
8.0,38.5,Dugda,0.029113965232230025
8.0,38.5,Adama Tulu Jido Kombolcha,0.09553723580218622
8.0,38.75,Dugda,0.34249542675127204
8.0,38.75,Adama Tulu Jido Kombolcha,0.3347745594132012
8.0,38.75,Batu town,0.21785962991349372
8.0,38.75,Ziway Dugda,0.09181759805639757
8.0,39.0,Dugda,0.0772701169379852
8.0,39.0,Adama Tulu Jido Kombolcha,0.014778939735247852
8.0,39.0,Bora (OR),0.0037482319867171805
8.0,39.0,Ziway Dugda,0.7301844013558734
8.0,39.0,Hitosa,0.024316816834671868
8.0,39.0,Tiyo,0.14586196650393674
8.0,39.0,Asela town,0.00383952664556784
8.0,39.25,Ziway Dugda,0.005077766887055292
8.0,39.25,Hitosa,0.5665615699954742
8.0,39.25,Degeluna Tijo,0.0292743085456865
8.0,39.25,Tiyo,0.2744071380299954
8.0,39.25,Lude Hitosa,0.10622302471510399
8.0,39.25,Asela town,0.018456191826684062
8.0,39.5,Hitosa,0.01582696596354028
8.0,39.5,Sude,0.02780285783472689
8.0,39.5,Robe,0.13618789876589624
8.0,39.5,Tena,0.05894586411463995
8.0,39.5,Degeluna Tijo,0.01293786403976304
8.0,39.5,Sire,0.011092048125195628
8.0,39.5,Lude Hitosa,0.33398539201562316
8.0,39.5,Diksis,0.40322110914061504
8.0,39.75,Sude,0.8646498961282586
8.0,39.75,Chole,0.03287195824652332
8.0,39.75,Amigna,0.0011740559283240132
8.0,39.75,Robe,0.06009019293350786
8.0,39.75,Diksis,0.04121389676338644
8.0,40.0,Golocha,0.03690843586192709
8.0,40.0,Sude,0.4240377325042318
8.0,40.0,Chole,0.3547479241203512
8.0,40.0,Amigna,0.17638351441161726
8.0,40.0,Bele Gesgar,0.007922393101872436
8.0,40.25,Golocha,0.22142892671661105
8.0,40.25,Chole,0.07082251582452874
8.0,40.25,Amigna,0.6216443473831029
8.0,40.25,Seru,0.050967296850655354
8.0,40.25,Bele Gesgar,0.030117582302074324
8.0,40.5,Amigna,0.25418676834462856
8.0,40.5,Seru,0.017639309472613336
8.0,40.75,Seru,0.03381256975012289
8.25,37.5,Nono,0.03461937267507102
8.25,37.5,Ameya,0.00734005873948116
8.25,37.75,Ameya,0.002716533234255564
8.25,37.75,Goro (SW Shewa),0.10741826239665125
8.25,38.0,Goro (SW Shewa),0.02250007194740415
8.25,38.25,Seden Sodo,0.11596550789977621
8.25,38.5,Dugda,0.10417530009909796
8.25,38.5,Kersana Malima,0.01614795651854886
8.25,38.5,Seden Sodo,0.07896131030878813
8.25,38.75,Dugda,0.6487342817304229
8.25,38.75,Bora (OR),0.1357233281111212
8.25,38.75,Liben Chukala,0.000821540511510737
8.25,38.75,Sodo Daci,0.006306796814269765
8.25,39.0,Adama,0.023455995874503234
8.25,39.0,Lome (OR),0.00014205685491421881
8.25,39.0,Dugda,0.09644668612281465
8.25,39.0,Bora (OR),0.3967834590015409
8.25,39.0,Liben Chukala,1.1749639365291444e-05
8.25,39.0,Dodota,0.17352766542524448
8.25,39.0,Ziway Dugda,0.2901028546852963
8.25,39.0,Hitosa,0.0195295323963207
8.25,39.25,Adama,0.20440428739139813
8.25,39.25,Adama town,0.01223236675631617
8.25,39.25,Dodota,0.36963401850927274
8.25,39.25,Hitosa,0.2804413971215264
8.25,39.25,Lude Hitosa,0.09385539367389704
8.25,39.25,Dera town,0.03943253654758956
8.25,39.5,Jeju,0.19333642415718275
8.25,39.5,Dodota,0.06394517194753442
8.25,39.5,Sire,0.5264335184977258
8.25,39.5,Lude Hitosa,0.17702019323086543
8.25,39.5,Diksis,0.03926469216669168
8.25,39.75,Merti,0.10375494000033081
8.25,39.75,Jeju,0.38906935944271837
8.25,39.75,Sude,0.20287546648738597
8.25,39.75,Chole,0.09972713165780638
8.25,39.75,Guna,0.1647960115824601
8.25,39.75,Diksis,0.039777090829298
8.25,40.0,Golocha,0.5202903352044721
8.25,40.0,Chole,0.20991623204705287
8.25,40.0,Guna,0.269793432748475
8.25,40.25,Golocha,0.6410602550950448
8.25,40.25,Shanan Kolu,0.2824244399208354
8.25,40.5,Shanan Kolu,0.009195130355601988
8.5,37.25,Dano,0.04273972702057516
8.5,37.25,Nono,0.15861159801423255
8.5,37.5,Nono,0.6653883113901627
8.5,37.5,Jibat,0.02956752287769367
8.5,37.5,Ameya,0.2282965514038442
8.5,37.75,Ameya,0.6449229854905155
8.5,37.75,Wenchi,0.0983711622390294
8.5,37.75,Waliso,0.008941945904381621
8.5,37.75,Goro (SW Shewa),0.2455043205019686
8.5,38.0,Wenchi,0.09233860830513073
8.5,38.0,Waliso,0.662883078374159
8.5,38.0,Woliso town,0.033193264705219515
8.5,38.0,Goro (SW Shewa),0.1896733581092701
8.5,38.25,Waliso,0.06306336002039054
8.5,38.25,Kersana Malima,0.01870974922217526
8.5,38.25,Tole,0.14252872194698968
8.5,38.25,Becho (SW Shewa),0.17847420628153599
8.5,38.25,Seden Sodo,0.5182898691458183
8.5,38.5,Kersana Malima,0.43826909240174505
8.5,38.5,Tole,0.16566609722310352
8.5,38.5,Seden Sodo,0.0220692141999453
8.5,38.5,Sodo Daci,0.1949478169965921
8.5,38.75,Ada'a,2.3106503516375454e-05
8.5,38.75,Dugda,0.013548659524646699
8.5,38.75,Bora (OR),0.017361611070725848
8.5,38.75,Liben Chukala,0.42053469223716494
8.5,38.75,Akaki,0.0877118632059865
8.5,38.75,Sebeta Hawas,0.00046520389183540254
8.5,38.75,Kersana Malima,0.07902711489340988
8.5,38.75,Sodo Daci,0.36329867374831504
8.5,39.0,Adama,0.03415659205083023
8.5,39.0,Lome (OR),0.27506484488593225
8.5,39.0,Ada'a,0.09326928329302914
8.5,39.0,Bora (OR),0.0705886362297578
8.5,39.0,Liben Chukala,0.49034946945100966
8.5,39.0,Mojo town,0.036571174089440724
8.5,39.25,Boset,0.007178700596568649
8.5,39.25,Adama,0.05994336987253654
8.5,39.25,Lome (OR),0.12933192948688754
8.5,39.25,Adama town,0.7539277711924408
8.5,39.25,Mojo town,0.027954904268058578
8.5,39.25,Dodota,0.021663324583512
8.5,39.5,Boset,0.5901179125036119
8.5,39.5,Adama,0.0040327132255352505
8.5,39.5,Adama town,0.07266524632093875
8.5,39.5,Jeju,0.14389931583522436
8.5,39.5,Dodota,0.03268353887330338
8.5,39.5,Sire,0.15660127324138579
8.5,39.75,Boset,0.07330803708275861
8.5,39.75,Merti,0.5686780765493431
8.5,39.75,Jeju,0.3327844025495683
8.5,39.75,Guna,0.02522948381832999
8.5,40.0,Merti,0.26835320000254165
8.5,40.0,Aseko,0.5345805302790331
8.5,40.0,Golocha,0.02419323566135919
8.5,40.0,Guna,0.15743725064487551
8.5,40.0,Shanan Kolu,0.014362087507074696
8.5,40.25,Aseko,0.12908276239255154
8.5,40.25,Golocha,0.015304685728099931
8.5,40.25,Shanan Kolu,0.4652362437077631
8.75,37.25,Illu Galan,0.03654722130351006
8.75,37.25,Dano,0.6870983706966076
8.75,37.25,Nono,0.03343957276121579
8.75,37.25,Jibat,0.011809971250897989
8.75,37.5,Dano,0.06177776081775328
8.75,37.5,Nono,0.019234264824937574
8.75,37.5,Tikur Enchini,0.2282425107812576
8.75,37.5,Jibat,0.5926164924103277
8.75,37.5,Liban Jawi,0.08445538721791272
8.75,37.5,Ameya,0.01367358394781079
8.75,37.75,Ambo Zuria,0.026208560044884956
8.75,37.75,Tikur Enchini,0.3261738572452705
8.75,37.75,Toke Kutaye,0.1313292700658356
8.75,37.75,Jibat,0.0014749996918085129
8.75,37.75,Ameya,0.3525461424164081
8.75,37.75,Wenchi,0.16226717053579257
8.75,38.0,Ambo Zuria,0.09620431823657846
8.75,38.0,Dendi,0.19295944111454025
8.75,38.0,Wenchi,0.2591062024065205
8.75,38.0,Waliso,0.20886325965673053
8.75,38.0,Dawo,0.24286677858563038
8.75,38.25,Dendi,0.010593972763239241
8.75,38.25,Ejersa Lafo,0.009013562703707645
8.75,38.25,Waliso,0.013051646753682767
8.75,38.25,Dawo,0.3148604963158524
8.75,38.25,Ilu,0.21447732551687604
8.75,38.25,Tole,0.06480116056669054
8.75,38.25,Becho (SW Shewa),0.37320183537995183
8.75,38.5,Ejere /Addis Alem,0.010414512837132654
8.75,38.5,Welmera,0.0087414530498706
8.75,38.5,Ilu,0.07160163313398289
8.75,38.5,Sebeta Hawas,0.39101943779059833
8.75,38.5,Kersana Malima,0.22451106391027123
8.75,38.5,Tole,0.18028752995930597
8.75,38.5,Becho (SW Shewa),0.02236885484504578
8.75,38.5,Sebeta,0.09105551447379262
8.75,38.75,Ada'a,0.039325673826099514
8.75,38.75,Bishoftu town,0.10073198812550316
8.75,38.75,Liben Chukala,0.010871617361027932
8.75,38.75,Akaki,0.23094985179525293
8.75,38.75,Sebeta Hawas,0.23202549050773486
8.75,38.75,Kersana Malima,0.02533592073211613
8.75,38.75,Furi,0.0003647473219463381
8.75,38.75,Galan,0.1619681342279425
8.75,38.75,Galan Gudo,0.1296470722945189
8.75,38.75,Koye,0.02040907815551242
8.75,38.75,Sebeta,0.009870744448316222
8.75,39.0,Lome (OR),0.07204230675090238
8.75,39.0,Ada'a,0.31386933275028694
8.75,39.0,Bishoftu town,0.5661281197740158
8.75,39.0,Liben Chukala,0.0030642755858701605
8.75,39.0,Mojo town,0.0034121731161107765
8.75,39.0,Galan,0.0006394130611862135
8.75,39.0,Koye,0.040844378961627105
8.75,39.25,Minjar Shenkora,0.274492184633641
8.75,39.25,Boset,0.05722498594225181
8.75,39.25,Adama,0.15392153362993383
8.75,39.25,Lome (OR),0.3610852865594357
8.75,39.25,Gimbichu,0.06168250222382259
8.75,39.25,Ada'a,0.08273443327034512
8.75,39.25,Adama town,0.008859073740569897
8.75,39.5,Minjar Shenkora,0.4053018107243125
8.75,39.5,Boset,0.5908876304041869
8.75,39.5,Adama,0.0038105588715009134
8.75,39.75,Minjar Shenkora,0.11097081245691047
8.75,39.75,Fentale,0.41223802180689667
8.75,39.75,Boset,0.3911109188909005
8.75,39.75,Merti,0.08568024684529221
8.75,40.0,Fentale,0.5576954464681081
8.75,40.0,Merti,0.11959960047580756
8.75,40.0,Aseko,0.048549255098386215
8.75,40.25,Aseko,0.0003313096368539858
9.0,37.0,Bako Tibe,0.17878720053963357
9.0,37.25,Illu Galan,0.4787977614603096
9.0,37.25,Cheliya,0.058040717805412666
9.0,37.25,Bako Tibe,0.34621742581762044
9.0,37.25,Dano,0.04496705514409852
9.0,37.5,Illu Galan,0.04220159586342827
9.0,37.5,Mida Kegn,0.16533339435337158
9.0,37.5,Cheliya,0.36001024700491574
9.0,37.5,Dano,0.030935952543442422
9.0,37.5,Tikur Enchini,0.011118606698399126
9.0,37.5,Toke Kutaye,0.06060054862918883
9.0,37.5,Liban Jawi,0.3297996549072538
9.0,37.75,Ambo Zuria,0.3298575950629741
9.0,37.75,Mida Kegn,0.054078466497719815
9.0,37.75,Tikur Enchini,0.009814858485116621
9.0,37.75,Ambo town,0.07078896917728579
9.0,37.75,Toke Kutaye,0.5317825950125449
9.0,37.75,Liban Jawi,0.003677515764358845
9.0,38.0,Ambo Zuria,0.4285044350132415
9.0,38.0,Dendi,0.4191182634966955
9.0,38.0,Ambo town,0.04416349147126568
9.0,38.0,Ifata,0.08928201208649814
9.0,38.0,Dawo,0.01893179793229904
9.0,38.25,Dendi,0.28927221877393056
9.0,38.25,Ejere /Addis Alem,0.24170520703999407
9.0,38.25,Ejersa Lafo,0.4061911867263701
9.0,38.25,Dawo,0.030337352169205592
9.0,38.25,Ilu,0.03249403529050022
9.0,38.5,Ejere /Addis Alem,0.24865646049302453
9.0,38.5,Holeta town,0.07545324156326251
9.0,38.5,Welmera,0.31215173709488653
9.0,38.5,Ilu,0.00176360099340683
9.0,38.5,Sebeta Hawas,0.001657397292735343
9.0,38.5,Furi,0.004100656666152281
9.0,38.5,Gefersa Guje,0.17270106484897485
9.0,38.5,Melka Nonno,0.015496066560083347
9.0,38.5,Sebeta,0.16801728024105964
9.0,38.75,Burayu,0.03277019926143947
9.0,38.75,Eka Tafo,0.038361982826417354
9.0,38.75,Furi,0.05791248626943168
9.0,38.75,Galan,0.00014090538474040553
9.0,38.75,Galan Gudo,0.06929740234176017
9.0,38.75,Gefersa Guje,0.02458029645086753
9.0,38.75,Koye,0.008549097188832675
9.0,38.75,Mana Abichu,0.08203803247189684
9.0,38.75,Melka Nonno,0.03714848817019371
9.0,38.75,Sebeta,0.014072884447971872
9.0,38.75,Sululta,0.014005081622472073
9.0,39.0,Aleltu,0.02840107735013113
9.0,39.0,Bereh,0.19684671652764912
9.0,39.0,Sendafa town,0.02938815072365395
9.0,39.0,Gimbichu,0.19003578392732007
9.0,39.0,Ada'a,0.1097345726230658
9.0,39.0,Bishoftu town,0.006277291178492813
9.0,39.0,Eka Tafo,0.06775092230908089
9.0,39.0,Koye,0.11412724747963937
9.0,39.0,Kura Jida,0.20715145870897186
9.0,39.25,Hagere Mariam,0.0326283853808505
9.0,39.25,Minjar Shenkora,0.30624550610238604
9.0,39.25,Aleltu,0.03921326455601894
9.0,39.25,Gimbichu,0.5938645562906529
9.0,39.25,Ada'a,0.028048287670092157
9.0,39.5,Hagere Mariam,0.12666689808053236
9.0,39.5,Berehet,0.12333912247207245
9.0,39.5,Minjar Shenkora,0.7474743999671267
9.0,39.5,Arerti town,0.002519579480268281
9.0,39.75,Berehet,0.07835747047055949
9.0,39.75,Minjar Shenkora,0.4236655541544606
9.0,39.75,Fentale,0.49797697537497987
9.0,40.0,Fentale,0.4336038283471389
9.0,40.0,Metehara town,0.007492147812742289
9.25,37.0,Bako Tibe,0.09637986009419544
9.25,37.25,Cheliya,0.08149238323343788
9.25,37.25,Bako Tibe,0.21966168360132263
9.25,37.5,Mida Kegn,0.6706175805700557
9.25,37.5,Cheliya,0.012565360381232075
9.25,37.75,Ginde Beret,0.02493914993739573
9.25,37.75,Ambo Zuria,0.2879532553581214
9.25,37.75,Mida Kegn,0.30572223753784583
9.25,37.75,Ifata,0.1726740245092416
9.25,37.75,Cobi,0.20296106270743833
9.25,38.0,Jeldu,0.4277380038067361
9.25,38.0,Ambo Zuria,0.00023187822729958788
9.25,38.0,Dendi,0.01179416752798526
9.25,38.0,Meta Robi,0.0020162454519390273
9.25,38.0,Ifata,0.3242462598797784
9.25,38.0,Cobi,0.23397344510626186
9.25,38.25,Jeldu,0.26057235770218273
9.25,38.25,Dendi,0.042543177252291016
9.25,38.25,Ejere /Addis Alem,0.1933741462834709
9.25,38.25,Adda Berga,0.08151317067630472
9.25,38.25,Meta Robi,0.38540441828527816
9.25,38.25,Ejersa Lafo,0.03659272980047279
9.25,38.5,Ejere /Addis Alem,0.0725332162322572
9.25,38.5,Adda Berga,0.30549012463602115
9.25,38.5,Welmera,0.2345120990691067
9.25,38.5,Sululta (OR),0.0014121015548403135
9.25,38.5,Mulo,0.36725446747760676
9.25,38.5,Gefersa Guje,0.018797991030168215
9.25,38.75,Welmera,0.019973199984641334
9.25,38.75,Jida,0.015940990371850962
9.25,38.75,Bereh,0.048758814355540255
9.25,38.75,Sululta (OR),0.5438653109036541
9.25,38.75,Chancho town,0.04654598480789578
9.25,38.75,Mulo,0.047085024462449866
9.25,38.75,Eka Tafo,0.009853381444394519
9.25,38.75,Gefersa Guje,0.009517060556610168
9.25,38.75,Kura Jida,0.03479127606120033
9.25,38.75,Mana Abichu,0.0427562400489872
9.25,38.75,Sululta,0.1809127170027754
9.25,39.0,Kimbibit,0.058534936724916345
9.25,39.0,Jida,0.2615798820987443
9.25,39.0,Aleltu,0.23374721901468795
9.25,39.0,Bereh,0.1736485896236057
9.25,39.0,Sululta (OR),0.01908511166574801
9.25,39.0,Sendafa town,0.1594167967713625
9.25,39.0,Eka Tafo,0.013010449941857117
9.25,39.0,Kura Jida,0.08097701415907828
9.25,39.25,Angolelana Tera,0.15494505496205643
9.25,39.25,Hagere Mariam,0.2675817270476737
9.25,39.25,Tulefa town,0.08955572411754849
9.25,39.25,Kimbibit,0.17573745792479037
9.25,39.25,Sheno town,0.02394603180589591
9.25,39.25,Aleltu,0.2580447894098932
9.25,39.25,Gimbichu,0.030189214732141333
9.25,39.5,Angolelana Tera,0.09278320518914268
9.25,39.5,Assagirt,0.29721716252164854
9.25,39.5,Hagere Mariam,0.4246623503282966
9.25,39.5,Berehet,0.18498473056031692
9.25,39.5,Kimbibit,0.00035255140059471305
9.25,39.75,Assagirt,0.16983621448187003
9.25,39.75,Ankober,0.0038366973430008357
9.25,39.75,Berehet,0.6285700504831471
9.25,39.75,Fentale,0.015117714363702107
9.25,40.0,Berehet,0.0013189504730237844
9.25,40.0,Fentale,0.008231654251816193
9.5,37.5,Ginde Beret,0.004783963091458525
9.5,37.75,Ginde Beret,0.7310336796701113
9.5,37.75,Mida Kegn,0.003022681538444628
9.5,37.75,Abuna Ginde Beret,0.006988269144089636
9.5,37.75,Cobi,0.21229639581062273
9.5,38.0,Ginde Beret,0.0425246203222036
9.5,38.0,Jeldu,0.278423185466603
9.5,38.0,Meta Robi,0.003319802597880304
9.5,38.0,Abuna Ginde Beret,0.5823299719388393
9.5,38.0,Cobi,0.09340241967447373
9.5,38.25,Jeldu,0.01950447622491312
9.5,38.25,Adda Berga,0.28256339275375636
9.5,38.25,Meta Robi,0.2056861848417854
9.5,38.25,Abuna Ginde Beret,0.01870524082580626
9.5,38.25,Meta Walkite,0.4735407053537394
9.5,38.5,Adda Berga,0.5759278651132517
9.5,38.5,Meta Walkite,0.006979268174052171
9.5,38.5,Kuyu,0.01698690841685926
9.5,38.5,Degem,0.05056401917107508
9.5,38.5,Yaya Gulele,0.18878104870853438
9.5,38.5,Sululta (OR),0.12642993376549394
9.5,38.5,Mulo,0.0343309566507334
9.5,38.75,Debre Libanos,0.035614472300792586
9.5,38.75,Wuchale,0.46083590899493376
9.5,38.75,Yaya Gulele,0.13436989415337866
9.5,38.75,Sululta (OR),0.36515344639376546
9.5,38.75,Mulo,0.004026278157130167
9.5,39.0,Debre Libanos,0.031907874466819384
9.5,39.0,Wuchale,0.38443660527037277
9.5,39.0,Abichugna Gne'a,0.04475818339538389
9.5,39.0,Kimbibit,0.06814848907060507
9.5,39.0,Jida,0.36252589820558
9.5,39.0,Sululta (OR),0.10822294959123903
9.5,39.25,Angolelana Tera,0.08378889096184393
9.5,39.25,Basona Worena,0.0016547114200389098
9.5,39.25,Wuchale,0.0016971528525446136
9.5,39.25,Abichugna Gne'a,0.4746699824728863
9.5,39.25,Kimbibit,0.4363192732209168
9.5,39.25,Jida,0.001869989071769721
9.5,39.5,Angolelana Tera,0.7196273370653917
9.5,39.5,Assagirt,0.07541615560082704
9.5,39.5,Basona Worena,0.10312231231890134
9.5,39.5,Debre Berhan town,0.023625096033085404
9.5,39.5,Abichugna Gne'a,0.005675525223260469
9.5,39.5,Kimbibit,0.07253357375853499
9.5,39.75,Angolelana Tera,0.01262244823221842
9.5,39.75,Assagirt,0.11588150744129619
9.5,39.75,Ankober,0.6714235991839579
9.5,39.75,Basona Worena,0.11095393508436524
9.5,40.0,Ankober,0.004888260648104106
9.75,37.5,Ginde Beret,0.0038159679835002335
9.75,37.75,Baso Liben,0.05784920004619283
9.75,37.75,Ginde Beret,0.8662814685489238
9.75,37.75,Abuna Ginde Beret,0.03399589009303964
9.75,38.0,Ginde Beret,0.023058611877109086
9.75,38.0,Abuna Ginde Beret,0.7555856592957193
9.75,38.0,Wara Jarso,0.0887021414401307
9.75,38.0,Kuyu,0.13265358738703995
9.75,38.25,Abuna Ginde Beret,0.0012590682457462277
9.75,38.25,Meta Walkite,0.1865738515433237
9.75,38.25,Wara Jarso,0.15764506027780267
9.75,38.25,Kuyu,0.6545220199331281
9.75,38.5,Meta Walkite,0.00010765970468864779
9.75,38.5,Wara Jarso,0.0042346139707390125
9.75,38.5,Hidabu Abote,0.0960632676431292
9.75,38.5,Kuyu,0.4086508858457002
9.75,38.5,Degem,0.38177936220782815
9.75,38.5,Gerar Jarso,0.030209400337929775
9.75,38.5,Yaya Gulele,0.05433422859845966
9.75,38.5,Garba Guracha,0.024620581691525253
9.75,38.75,Ensaro,0.12253157254923899
9.75,38.75,Degem,0.1279029956812069
9.75,38.75,Gerar Jarso,0.46636978274377583
9.75,38.75,Debre Libanos,0.19361661776284161
9.75,38.75,Wuchale,0.00035655106015164797
9.75,38.75,Fiche town,0.017566330386319107
9.75,38.75,Yaya Gulele,0.07165614981646605
9.75,39.0,Ensaro,0.3355462204545566
9.75,39.0,Moretna Jiru,0.08001479588930331
9.75,39.0,Siya Debirna Wayu,0.12359525029294927
9.75,39.0,Debre Libanos,0.11207975784433247
9.75,39.0,Wuchale,0.32714358899977614
9.75,39.0,Abichugna Gne'a,0.02162038651908244
9.75,39.25,Moretna Jiru,0.0810463766732155
9.75,39.25,Basona Worena,0.08930051726875979
9.75,39.25,Siya Debirna Wayu,0.4824934110019647
9.75,39.25,Wuchale,0.0033633675984992687
9.75,39.25,Abichugna Gne'a,0.343796327457561
9.75,39.5,Mojan Wedera,0.0731426125946709
9.75,39.5,Basona Worena,0.7556174730085102
9.75,39.5,Debre Berhan town,0.1693114539089281
9.75,39.5,Siya Debirna Wayu,0.000941393225286119
9.75,39.5,Abichugna Gne'a,0.0009870672626045756
9.75,39.75,Tarema Ber,0.2464228994398226
9.75,39.75,Mojan Wedera,0.03167286925800415
9.75,39.75,Ankober,0.2525688842939519
9.75,39.75,Basona Worena,0.4195141045353521
9.75,39.75,Debre Sina town,0.0065272940074353955
9.75,40.0,Tarema Ber,0.1680868153194683
9.75,40.0,Kewet,0.15379764989229713
9.75,40.0,Ankober,0.00019017237463481518
10.0,37.25,Debre Elias,0.20562890884244475
10.0,37.5,Debre Elias,0.031199549076694894
10.0,37.5,Guzamn,0.2695429807671593
10.0,37.5,Baso Liben,0.24011386745318658
10.0,37.75,Baso Liben,0.9439151267980866
10.0,37.75,Aneded,0.03458646512254486
10.0,37.75,Abuna Ginde Beret,0.01824170097117876
10.0,38.0,Baso Liben,0.012031527425674492
10.0,38.0,Awabel,0.3300330758211848
10.0,38.0,Dejen,0.0451753122887247
10.0,38.0,Aneded,0.2573134513745928
10.0,38.0,Abuna Ginde Beret,0.058545169119526015
10.0,38.0,Wara Jarso,0.29690146397029743
10.0,38.25,Dejen,0.11566058617003987
10.0,38.25,Shebel Bernta,0.031886466477053246
10.0,38.25,Wara Jarso,0.8486162015808618
10.0,38.25,Dera (OR),0.0029980837912137134
10.0,38.25,Kuyu,0.0008386619808311938
10.0,38.5,Wara Jarso,0.13943153557895177
10.0,38.5,Dera (OR),0.2396136814942034
10.0,38.5,Hidabu Abote,0.5375353382305478
10.0,38.5,Kuyu,0.0044242574075332875
10.0,38.5,Degem,0.07899518728876485
10.0,38.75,Mida Woremo,0.003130321765145283
10.0,38.75,Merhabete,0.34742894941842223
10.0,38.75,Ensaro,0.0897023753489153
10.0,38.75,Dera (OR),0.18727111876102928
10.0,38.75,Hidabu Abote,0.03706895518761914
10.0,38.75,Degem,0.20809933959820734
10.0,38.75,Gerar Jarso,0.1272989399206612
10.0,39.0,Mida Woremo,0.0023853360212699234
10.0,39.0,Merhabete,0.7207659027526034
10.0,39.0,Ensaro,0.047841860099752595
10.0,39.0,Moretna Jiru,0.2233559282515918
10.0,39.0,Aleme Ketma town,0.005650972874782205
10.0,39.25,Merhabete,0.13152560105188962
10.0,39.25,Moretna Jiru,0.4873980078622997
10.0,39.25,Menze Mama Midir,0.01449883500285512
10.0,39.25,Mojan Wedera,0.07503818959407439
10.0,39.25,Basona Worena,0.11855018830588403
10.0,39.25,Menze Keya Gabriel,0.14285959219114133
10.0,39.25,Menze Lalo Midir,0.02367658640195555
10.0,39.25,Siya Debirna Wayu,0.004397876586644575
10.0,39.25,Enewari town,0.0020551230032552982
10.0,39.5,Menze Mama Midir,0.2880810860237271
10.0,39.5,Mojan Wedera,0.48038123079272604
10.0,39.5,Basona Worena,0.002291791923744543
10.0,39.5,Menze Keya Gabriel,0.029865092456324835
10.0,39.5,Menze Lalo Midir,0.19938079880347762
10.0,39.75,Menze Mama Midir,0.20260550438362343
10.0,39.75,Tarema Ber,0.297816287934368
10.0,39.75,Mojan Wedera,0.15582487253444327
10.0,39.75,Kewet,0.3409411798609087
10.0,39.75,Basona Worena,0.001197021824882692
10.0,39.75,Molale town,0.0016151334617742386
10.0,40.0,Eferatana Gidem,0.026870288070956705
10.0,40.0,Tarema Ber,0.027080421719732416
10.0,40.0,Kewet,0.44451327375572147
10.0,40.0,Shoa Robit,0.013102415577448347
10.25,36.5,Wemberma,0.017156570199838485
10.25,36.75,Bure (AM),0.0006350716546936355
10.25,36.75,Wemberma,0.1205660509073108
10.25,37.0,Debre Elias,0.06000951642894411
10.25,37.0,Dembecha,0.009903315011609098
10.25,37.0,Jabi Tehnan,3.775468158164819e-05
10.25,37.0,Bure (AM),0.24564643270932837
10.25,37.0,Wemberma,0.011538447049959176
10.25,37.25,Debre Elias,0.7750400784564282
10.25,37.25,Michakel,0.005196822477287701
10.25,37.25,Dembecha,0.10716157352791901
10.25,37.5,Debre Elias,0.44285060273601207
10.25,37.5,Michakel,0.0255288882971722
10.25,37.5,Guzamn,0.526919452634343
10.25,37.5,Baso Liben,0.004701056332472566
10.25,37.75,Guzamn,0.3609804696863312
10.25,37.75,Baso Liben,0.2528876850191502
10.25,37.75,Debre Markos town,0.08691974958507252
10.25,37.75,Aneded,0.2992120957094463
10.25,38.0,Enemay,0.004410530442628223
10.25,38.0,Debay Telatgen,0.036963689989213004
10.25,38.0,Awabel,0.5596633868967771
10.25,38.0,Dejen,0.15318062269259405
10.25,38.0,Aneded,0.2437623646921452
10.25,38.0,Lumame town,0.0020194052866424374
10.25,38.25,Enemay,0.0934604441852028
10.25,38.25,Dejen,0.5108655767470011
10.25,38.25,Shebel Bernta,0.37376414045837203
10.25,38.25,Dejen town,0.0034160281151329745
10.25,38.25,Wara Jarso,0.014749555374615886
10.25,38.25,Dera (OR),0.00374425511967548
10.25,38.5,Wegde,0.007825229428793769
10.25,38.5,Shebel Bernta,0.27511092764560735
10.25,38.5,Dera (OR),0.7170638429255987
10.25,38.75,Kelela,0.018171160657742068
10.25,38.75,Wegde,0.0004472027458222309
10.25,38.75,Mida Woremo,0.11252303908051017
10.25,38.75,Dera (OR),0.8688585975159254
10.25,39.0,Kelela,0.06285676000126898
10.25,39.0,Jama,0.04050483995373386
10.25,39.0,Mida Woremo,0.8235822493062124
10.25,39.0,Merhabete,0.07305615073878555
10.25,39.25,Jama,0.45758496155995565
10.25,39.25,Mida Woremo,0.17510037759522262
10.25,39.25,Merhabete,0.10645603697392537
10.25,39.25,Menze Keya Gabriel,0.260858623870897
10.25,39.5,Jama,0.018276830563268395
10.25,39.5,Were Ilu,0.007602728292018206
10.25,39.5,Menze Gera Midir,0.4491192500943187
10.25,39.5,Menze Mama Midir,0.016757704791402452
10.25,39.5,Menze Keya Gabriel,0.2856276509922488
10.25,39.5,Menze Lalo Midir,0.22261583526674317
10.25,39.75,Menze Gera Midir,0.3828024646965888
10.25,39.75,Eferatana Gidem,0.16267745016514118
10.25,39.75,Menze Mama Midir,0.3352234433547906
10.25,39.75,Kewet,0.05534155058052417
10.25,39.75,Menze Lalo Midir,0.058427037025611674
10.25,39.75,Molale town,0.00022787355933734369
10.25,39.75,Mehal Meda town,0.005300180618006545
10.25,40.0,Eferatana Gidem,0.2589876988109991
10.25,40.0,Kewet,0.0036131635590787347
10.25,40.0,Ataye town,0.007965906143827712
10.5,36.5,Wemberma,0.21752505787815407
10.5,36.75,Wemberma,0.7991100660535436
10.5,37.0,Dembecha,0.0033226195329692865
10.5,37.0,Jabi Tehnan,0.07837917186911182
10.5,37.0,Bure (AM),0.43304999540256855
10.5,37.0,Wemberma,0.48524821319535066
10.5,37.25,Debre Elias,0.014488667855092927
10.5,37.25,Michakel,0.10643888905924848
10.5,37.25,Dembecha,0.5596659456927918
10.5,37.25,Jabi Tehnan,0.3094749234523139
10.5,37.25,Bure (AM),0.009931573940551768
10.5,37.5,Debre Elias,0.04559243234221783
10.5,37.5,Michakel,0.5452882888155904
10.5,37.5,Guzamn,0.02897493215958012
10.5,37.5,Amanuel town,0.002968197019392514
10.5,37.5,Dembecha,0.36802237619716205
10.5,37.5,Denbecha town,0.009152363791184712
10.5,37.75,Debay Telatgen,0.0017838707733244747
10.5,37.75,Michakel,0.2065831618533967
10.5,37.75,Guzamn,0.29116981499010275
10.5,37.75,Debre Markos town,3.725416582986568e-05
10.5,37.75,Senan,0.4825135466911933
10.5,37.75,Aneded,0.017912351526153225
10.5,38.0,Enemay,0.12140810540729846
10.5,38.0,Debay Telatgen,0.5745714393324621
10.5,38.0,Guzamn,0.07726080432067474
10.5,38.0,Awabel,0.1785868504502659
10.5,38.0,Senan,0.00012087038461578272
10.5,38.0,Aneded,0.04805193010468267
10.5,38.25,Enarj Enawga,0.15549112278888272
10.5,38.25,Enemay,0.6318889944986631
10.5,38.25,Debay Telatgen,0.003224534045325381
10.5,38.25,Shebel Bernta,0.20473665317208986
10.5,38.25,Bechena town,0.004658695495039164
10.5,38.5,Borena /Debresina,0.05893319512961366
10.5,38.5,Wegde,0.5298919901722858
10.5,38.5,Enarj Enawga,0.10647001688874563
10.5,38.5,Shebel Bernta,0.30377356673684325
10.5,38.5,Dera (OR),0.0009312310725117826
10.5,38.75,Borena /Debresina,0.008371219862784308
10.5,38.75,Kelela,0.2729851695585707
10.5,38.75,Wegde,0.7051745025001016
10.5,38.75,Wegedi town,0.0016144027857863026
10.5,38.75,Dera (OR),0.011854705292757143
10.5,39.0,Kelela,0.938218136591303
10.5,39.0,Jama,0.03788998529954064
10.5,39.0,Wegde,0.006027543559087258
10.5,39.0,Legehida,0.012199309183507387
10.5,39.0,Kelala town,0.0026869523573779404
10.5,39.0,Mida Woremo,0.0029780730091836433
10.5,39.25,Kelela,0.07405853417351584
10.5,39.25,Jama,0.7376002796504834
10.5,39.25,Were Ilu,0.019655804557184655
10.5,39.25,Legehida,0.16363182375246002
10.5,39.25,Degolo town,0.005053557866356454
10.5,39.5,Jama,0.09379333286276609
10.5,39.5,Were Ilu,0.2831379458129738
10.5,39.5,Wereilu town,0.004433287771666375
10.5,39.5,Menze Gera Midir,0.2085564771952651
10.5,39.5,Gishe Rabel,0.41007895635732816
10.5,39.75,Menze Gera Midir,0.42435990843822147
10.5,39.75,Gishe Rabel,0.21014258929875024
10.5,39.75,Antsokiya,0.2589329393331189
10.5,39.75,Eferatana Gidem,0.09639818521063219
10.5,40.0,Antsokiya,0.033831227788825184
10.5,40.0,Eferatana Gidem,0.1300640786547569
10.75,36.75,Wemberma,0.03809580976091783
10.75,37.0,Sekela,0.004334902883715309
10.75,37.0,Jabi Tehnan,0.015464742809455813
10.75,37.0,Bure (AM),0.29963782699027697
10.75,37.0,Wemberma,0.13031793459219757
10.75,37.0,Shendi town,0.002386065111773214
10.75,37.0,Bure town,0.01645687526428701
10.75,37.25,Sekela,0.08837834083124484
10.75,37.25,Dembecha,0.0034118526055816013
10.75,37.25,Jabi Tehnan,0.7796829008318679
10.75,37.25,Bure (AM),0.06940616549380409
10.75,37.25,Finote Selam town,0.05638977752106408
10.75,37.25,Jiga town,0.002634324106326137
10.75,37.5,Michakel,0.004393150107548692
10.75,37.5,Quarit,0.12509513038885903
10.75,37.5,Dega Damot,0.35727239599277516
10.75,37.5,Dembecha,0.21300786282246162
10.75,37.5,Jabi Tehnan,0.29835743367845774
10.75,37.5,Jiga town,0.0018740270098979775
10.75,37.75,Bibugn,0.3342731072178883
10.75,37.75,Hulet Ej Enese,0.18308850790441042
10.75,37.75,Debay Telatgen,0.056832327068664285
10.75,37.75,Michakel,0.07722885390514932
10.75,37.75,Senan,0.09437930047521924
10.75,37.75,Dega Damot,0.2442663224919473
10.75,37.75,Dembecha,0.009931580936720995
10.75,38.0,Hulet Ej Enese,0.3089553834949022
10.75,38.0,Goncha Siso Enebse,0.1029089927441541
10.75,38.0,Enarj Enawga,0.32159221312749364
10.75,38.0,Enemay,0.11200339633523879
10.75,38.0,Debay Telatgen,0.15454001429821138
10.75,38.25,Goncha Siso Enebse,0.13707469218248114
10.75,38.25,Enebse Sarmder,0.25116298973623835
10.75,38.25,Enarj Enawga,0.5932854328266827
10.75,38.25,Enemay,0.001381838021764452
10.75,38.25,Debrework town,0.004400401477925929
10.75,38.25,Merto Lemariyam town,0.012694645754906704
10.75,38.5,Borena /Debresina,0.36440045102915236
10.75,38.5,Mehal Sayint,0.09836242334933397
10.75,38.5,Enebse Sarmder,0.4842858570357614
10.75,38.5,Enarj Enawga,0.05295126858575207
10.75,38.75,Borena /Debresina,0.8020421187003113
10.75,38.75,Wegde,0.16265489130190494
10.75,38.75,Mehal Sayint,0.02103403270008677
10.75,38.75,Mekane Selam town,0.014268957297696406
10.75,39.0,Legambo,0.40207162313653094
10.75,39.0,Borena /Debresina,0.0855767134843692
10.75,39.0,Kelela,0.4307583431747491
10.75,39.0,Wegde,0.0688101541331015
10.75,39.0,Legehida,0.012783166071249017
10.75,39.25,Legambo,0.3535822262698119
10.75,39.25,Kelela,0.08865009124186486
10.75,39.25,Were Ilu,0.03333588192844536
10.75,39.25,Legehida,0.514377449021106
10.75,39.25,Akeseta town,0.010054351538772141
10.75,39.5,Albuko,0.283207920084551
10.75,39.5,Dessie Zuria,0.0030577637484356297
10.75,39.5,Legambo,0.046226989632106225
10.75,39.5,Were Ilu,0.554038220804096
10.75,39.5,Legehida,0.00255155238025324
10.75,39.5,Gishe Rabel,0.11091755335055833
10.75,39.75,Kalu,1.3173289308651397e-05
10.75,39.75,Albuko,0.1759691914304458
10.75,39.75,Gishe Rabel,0.14019835094051933
10.75,39.75,Antsokiya,0.19918035274968304
10.75,40.0,Argoba,0.0381343159572835
10.75,40.0,Antsokiya,0.00031067575704973687
11.0,37.0,Sekela,0.10889946979419018
11.0,37.25,Sekela,0.7848407203265387
11.0,37.25,Quarit,0.11122936241856993
11.0,37.25,Jabi Tehnan,0.08325617834345979
11.0,37.5,Sekela,0.0011749701091444565
11.0,37.5,Quarit,0.5604415241757728
11.0,37.5,Dega Damot,0.24499621381508163
11.0,37.5,Jabi Tehnan,0.01813830328262941
11.0,37.75,Bibugn,0.19475651750210254
11.0,37.75,Hulet Ej Enese,0.4638737720452631
11.0,37.75,Mota town,0.0034981709357087493
11.0,37.75,Dega Damot,0.25338834246005626
11.0,38.0,Hulet Ej Enese,0.6429196780311445
11.0,38.0,Goncha Siso Enebse,0.14747819003174065
11.0,38.0,Sedae,0.19924874056977265
11.0,38.0,Gundwoin town,0.005119613678913687
11.0,38.0,Mota town,0.005233777688428262
11.0,38.25,Semada,0.010805542744858232
11.0,38.25,Goncha Siso Enebse,0.18018233713504733
11.0,38.25,Enebse Sarmder,0.28520219621012544
11.0,38.25,Sedae,0.5180600956858732
11.0,38.25,Merto Lemariyam town,0.005749828224096047
11.0,38.5,Semada,0.0915833348053144
11.0,38.5,Sayint,0.24180116410363636
11.0,38.5,Mehal Sayint,0.27328138982761446
11.0,38.5,Enebse Sarmder,0.3842876100385384
11.0,38.5,Sedae,0.009046501224895942
11.0,38.75,Sayint,0.5816796871247994
11.0,38.75,Borena /Debresina,0.01629740446241784
11.0,38.75,Mehal Sayint,0.40202290841278293
11.0,39.0,Tenta,0.047278968516059464
11.0,39.0,Legambo,0.13826528609094346
11.0,39.0,Sayint,0.5467698784019557
11.0,39.0,Borena /Debresina,0.010126606982615088
11.0,39.0,Mekdela,0.25755926000842666
11.0,39.25,Tenta,0.5288429405488556
11.0,39.25,Dessie Zuria,0.0951571008730952
11.0,39.25,Legambo,0.3632028760650686
11.0,39.25,Mekdela,0.006588689323338571
11.0,39.25,Akeseta town,0.0037270256624318443
11.0,39.25,Gimeba town,0.002481367527210294
11.0,39.5,Albuko,0.06900370766025091
11.0,39.5,Dessie Zuria,0.7886656352665773
11.0,39.5,Legambo,0.01696783005048989
11.0,39.5,Were Ilu,0.07772656689474991
11.0,39.5,Dessie town,0.04763626012793225
11.0,39.75,Argoba,0.01023701827945519
11.0,39.75,Kalu,0.5506442199607612
11.0,39.75,Albuko,0.10277941913882178
11.0,39.75,Dessie Zuria,0.1095655758656133
11.0,39.75,Kombolcha town,0.13371386716771386
11.0,39.75,Dessie town,0.04866205086376818
11.0,39.75,Harbu town,0.0032760668199652955
11.0,40.0,Argoba,0.3686480172026727
11.0,40.0,Kalu,0.17147714963974933
11.25,37.0,Sekela,0.009780542802079484
11.25,37.25,Sekela,0.016330233130741684
11.25,37.25,Quarit,0.00038830665264684005
11.25,37.5,Quarit,0.0009214355866340232
11.25,37.75,Dera (AM),0.088720464526186
11.25,37.75,Andabet /West Esite,0.18986612243607393
11.25,37.75,Hulet Ej Enese,0.1367834817922334
11.25,38.0,East Esite,0.39212583723506833
11.25,38.0,Andabet /West Esite,0.3660862694738253
11.25,38.0,Hulet Ej Enese,0.23738554981085894
11.25,38.0,Sedae,0.0044023434802471315
11.25,38.25,Semada,0.7985401940294488
11.25,38.25,East Esite,0.13016057961474511
11.25,38.25,Sedae,0.07129922635580596
11.25,38.5,Semada,0.3540206916021462
11.25,38.5,Sede Muja,0.5052363833258566
11.25,38.5,Sayint,0.1351929595443691
11.25,38.5,Mekdela,0.005549965527628309
11.25,38.75,Tach Gayint,0.0020070499076737386
11.25,38.75,Sede Muja,0.014796226573667656
11.25,38.75,Dawunt,0.002608879336720156
11.25,38.75,Sayint,0.38846551210942265
11.25,38.75,Mekdela,0.5921223320725156
11.25,39.0,Dawunt,0.01882327252952185
11.25,39.0,Tenta,0.028637882374130504
11.25,39.0,Sayint,0.010332114579767975
11.25,39.0,Mekdela,0.9422067305165793
11.25,39.25,Tenta,0.7242758538752346
11.25,39.25,Kutaber,0.10180537415499488
11.25,39.25,Dessie Zuria,0.0993663380866731
11.25,39.25,Mekdela,0.07455243388309746
11.25,39.5,Kutaber,0.7227184487901672
11.25,39.5,Ambasel,0.0871129826219671
11.25,39.5,Thehulederie,0.01912337598102503
11.25,39.5,Dessie Zuria,0.11928499297095327
11.25,39.5,Dessie town,0.05176019963588815
11.25,39.75,Ambasel,0.007316189148554284
11.25,39.75,Thehulederie,0.37619413167984805
11.25,39.75,Kalu,0.2500313301605019
11.25,39.75,Dessie Zuria,0.02709493890240621
11.25,39.75,Kombolcha town,0.04136614273733852
11.25,39.75,Dessie town,0.11550771042818819
11.25,39.75,Worebabu,0.16192813170943193
11.25,39.75,Hike town,0.0026058315476850894
11.25,40.0,Kalu,0.15255309113316054
11.25,40.0,Worebabu,0.032966895554539064
11.5,37.5,Dera (AM),0.13226583014667054
11.5,37.75,East Esite,0.0004852414373107795
11.5,37.75,Dera (AM),0.8268458650576544
11.5,37.75,Andabet /West Esite,0.11744348183177085
11.5,38.0,Semada,0.015155742987704052
11.5,38.0,East Esite,0.5387859103756443
11.5,38.0,Dera (AM),0.03989052689177281
11.5,38.0,Andabet /West Esite,0.40003857470485016
11.5,38.0,Mekan Eyesuse,0.006129245040029113
11.5,38.25,Lay Gayint,0.044855379010009674
11.5,38.25,Tach Gayint,0.022396292973542627
11.5,38.25,Semada,0.49860266753256816
11.5,38.25,East Esite,0.22701083166797453
11.5,38.25,Sede Muja,0.20074381477343584
11.5,38.25,Wegeda town,0.0063910140424698276
11.5,38.5,Lay Gayint,0.004815353929397637
11.5,38.5,Tach Gayint,0.5145776988908927
11.5,38.5,Semada,1.8491603812433124e-05
11.5,38.5,Sede Muja,0.48058845557589774
11.5,38.75,Tach Gayint,0.27578983867219703
11.5,38.75,Sede Muja,0.00019553190951472716
11.5,38.75,Meket,0.0374038275344048
11.5,38.75,Wadla,0.10838841744963204
11.5,38.75,Dawunt,0.519612410372089
11.5,38.75,Mekdela,0.058609974062162555
11.5,39.0,Wadla,0.27578031483993254
11.5,39.0,Dawunt,0.279118490647918
11.5,39.0,Gashena town,0.0007547467636166772
11.5,39.0,Tenta,0.06349869671110664
11.5,39.0,Delanta,0.340964790810025
11.5,39.0,Mekdela,0.039882960227401336
11.5,39.25,Guba Lafto,0.016014363440550343
11.5,39.25,Tenta,0.3523747366267482
11.5,39.25,Kutaber,0.012875051015979744
11.5,39.25,Ambasel,0.1816072371500861
11.5,39.25,Delanta,0.4299284372553986
11.5,39.25,Wegel tena town,0.0072001745112370355
11.5,39.5,Guba Lafto,0.05890956471539954
11.5,39.5,Habru,0.0516638767136801
11.5,39.5,Kutaber,0.11703804399839834
11.5,39.5,Ambasel,0.769797420436685
11.5,39.5,Thehulederie,0.0025910941358376293
11.5,39.75,Habru,0.516287889347105
11.5,39.75,Ambasel,0.04200598014080039
11.5,39.75,Thehulederie,0.18768943088929
11.5,39.75,Worebabu,0.2540166996228046
11.5,40.0,Habru,0.049177973134403294
11.5,40.0,Worebabu,0.539157641822026
11.75,36.5,Alefa,0.046697917929674336
11.75,36.75,Alefa,0.6979605872448569
11.75,37.0,Alefa,0.02153185031221555
11.75,37.5,Fogera,0.006414167115777982
11.75,37.5,Dera (AM),0.7116974573648408
11.75,37.5,Hamusit town,0.004460171136025298
11.75,37.75,Fogera,0.5570446671097601
11.75,37.75,Farta,0.01934867478711357
11.75,37.75,East Esite,0.032575782968607005
11.75,37.75,Dera (AM),0.3910308751345184
11.75,38.0,Fogera,0.02391371447639282
11.75,38.0,Farta,0.554317492794537
11.75,38.0,East Esite,0.2921322842598071
11.75,38.0,Debre Tabor town,0.09117429244287285
11.75,38.0,Mekan Eyesuse,0.03846221602639031
11.75,38.25,Farta,0.12851803365679573
11.75,38.25,Lay Gayint,0.4933496570449844
11.75,38.25,Tach Gayint,0.01129371366256206
11.75,38.25,East Esite,0.1530237995334472
11.75,38.25,Guna Begemider,0.21381479610221077
11.75,38.5,Lay Gayint,0.6039957235616813
11.75,38.5,Tach Gayint,0.2581712195510422
11.75,38.5,Nefas Mewicha town,0.010233513491646922
11.75,38.5,Meket,0.12759954339562912
11.75,38.75,Tach Gayint,0.010989169272437484
11.75,38.75,Meket,0.886885561745915
11.75,38.75,Wadla,0.08683996046780176
11.75,38.75,Filakit town,0.015285308513846354
11.75,39.0,Meket,0.08713099648366578
11.75,39.0,Wadla,0.3708015932948155
11.75,39.0,Gazo,0.5013671594362158
11.75,39.0,Gashena town,0.03822737890525006
11.75,39.0,Delanta,0.0024728718800528593
11.75,39.25,Gidan,0.0003203694685140728
11.75,39.25,Wadla,0.25466748943181106
11.75,39.25,Guba Lafto,0.028471069084446573
11.75,39.25,Gazo,0.1162659212394914
11.75,39.25,Angot,0.12432296955388071
11.75,39.25,Delanta,0.475952181221856
11.75,39.5,Raya Kobo,0.002695389187158592
11.75,39.5,Guba Lafto,0.5407987974526773
11.75,39.5,Habru,0.13099637423584992
11.75,39.5,Woldiya town,0.09641536301783675
11.75,39.5,Ambasel,0.08267607722329465
11.75,39.5,Delanta,0.14641799888318272
11.75,39.75,Raya Kobo,0.00038630028236618004
11.75,39.75,Hara town,0.00874477308193294
11.75,39.75,Guba Lafto,0.19939138926386835
11.75,39.75,Habru,0.7767497121873658
11.75,39.75,Woldiya town,0.007550427042261423
11.75,39.75,Mersa town,0.006447167348866814
11.75,40.0,Habru,0.15616386047900047
11.75,40.0,Worebabu,0.007418973513593382
12.0,36.5,Alefa,0.4343930289208803
12.0,36.5,Takusa,0.04720272912078064
12.0,36.75,Shawra town,0.0021634468415260392
12.0,36.75,Alefa,0.9621010309445559
12.0,36.75,Takusa,0.035735522213918146
12.0,37.0,Shawra town,0.0015559512583220724
12.0,37.0,Alefa,0.5807608607580573
12.0,37.0,Takusa,0.30817897539344014
12.0,37.25,Alefa,0.016605573245467034
12.0,37.25,Takusa,0.05163510019308073
12.0,37.25,West Dembiya,0.206598445515789
12.0,37.5,Libokemekem,0.24967742154438963
12.0,37.5,Fogera,0.4547031011840636
12.0,37.5,Dera (AM),0.0927227480647167
12.0,37.5,Gonder Zuria,0.07436253877205286
12.0,37.5,East Dembia,0.009078138165034905
12.0,37.5,West Dembiya,0.02963682524636501
12.0,37.75,Libokemekem,0.4596903185741318
12.0,37.75,Fogera,0.5296285891217043
12.0,37.75,Woreta town,0.007755645806952269
12.0,37.75,Adiss Zemen town,0.002925446497212216
12.0,38.0,Ebenat,0.318591176838822
12.0,38.0,Libokemekem,0.10937844536564553
12.0,38.0,Fogera,0.20119790013318098
12.0,38.0,Farta,0.2991018194209499
12.0,38.0,Debre Tabor town,0.05608789452258539
12.0,38.0,Guna Begemider,0.01385783927642552
12.0,38.0,Ebenat town,0.001784924442390692
12.0,38.25,Ebenat,0.1352061486319089
12.0,38.25,Farta,0.0009464196011284819
12.0,38.25,Lay Gayint,0.05432924298641257
12.0,38.25,Guna Begemider,0.341444966088397
12.0,38.25,Mena Meketewa,0.4680732226921537
12.0,38.5,Lay Gayint,0.7793636725652371
12.0,38.5,Guna Begemider,0.04845687468910567
12.0,38.5,Mena Meketewa,0.057351793843970114
12.0,38.5,Bugna,0.05720224538778837
12.0,38.5,Meket,0.05762541351389874
12.0,38.75,Lay Gayint,0.013207427983457315
12.0,38.75,Bugna,0.3613684302197237
12.0,38.75,Meket,0.540511156163014
12.0,38.75,Lasta,0.08491298563380402
12.0,39.0,Bugna,0.07699474170905847
12.0,39.0,Gidan,0.003253917807564964
12.0,39.0,Meket,0.015221775300275896
12.0,39.0,Lasta,0.7921741247506957
12.0,39.0,Gazo,0.10157814438739839
12.0,39.0,Lalibela town,0.010391217309885122
12.0,39.0,Gaz Gibla,0.00038607873512047056
12.0,39.25,Gidan,0.7485346628224463
12.0,39.25,Guba Lafto,0.009641556297003431
12.0,39.25,Lasta,0.17936456906609816
12.0,39.25,Gazo,0.04924020992749642
12.0,39.25,Angot,0.012683251304384167
12.0,39.25,Gaz Gibla,0.0005357505825712746
12.0,39.5,Raya Kobo,0.5055288993147308
12.0,39.5,Gidan,0.3255201197680845
12.0,39.5,Guba Lafto,0.16818324793490722
12.0,39.5,Woldiya town,0.000767732982277488
12.0,39.75,Raya Kobo,0.8452775426056718
12.0,39.75,Guba Lafto,0.028798815110632012
12.0,39.75,Habru,0.0664198208996347
12.0,40.0,Raya Kobo,0.010123689903102404
12.0,40.0,Habru,0.000472699804581123
12.25,36.5,Alefa,0.0007155810720328792
12.25,36.5,Takusa,0.6037106274046524
12.25,36.75,Chilga 2,0.009646091538652873
12.25,36.75,Alefa,0.04485471180024715
12.25,36.75,Takusa,0.9451429209813
12.25,37.0,Chilga 2,0.1469210229649945
12.25,37.0,Takusa,0.8042908021150501
12.25,37.0,West Dembiya,0.04878817491995517
12.25,37.25,East Dembia,0.18725069626272234
12.25,37.25,Takusa,0.000990090680576811
12.25,37.25,West Dembiya,0.8117592130567006
12.25,37.5,Libokemekem,0.0036688603373992512
12.25,37.5,Gonder Zuria,0.6348108102291595
12.25,37.5,East Dembia,0.35532045931429124
12.25,37.5,West Dembiya,0.006199870119150096
12.25,37.75,Libokemekem,0.5398088654961231
12.25,37.75,Adiss Zemen town,0.001912551368780501
12.25,37.75,Gonder Zuria,0.30544706745045797
12.25,37.75,West Belesa,0.152831515684639
12.25,38.0,Ebenat,0.5141964615308611
12.25,38.0,Libokemekem,0.17263329430639812
12.25,38.0,Ebenat town,0.0010756330484804183
12.25,38.0,West Belesa,0.15836354138777534
12.25,38.0,East Belesa,0.1537310697264851
12.25,38.25,Ebenat,0.7095162924545787
12.25,38.25,Mena Meketewa,0.24888618211282257
12.25,38.25,East Belesa,0.04159752543259829
12.25,38.5,Ebenat,0.14101082268781634
12.25,38.5,Lay Gayint,0.018181662361165196
12.25,38.5,Mena Meketewa,0.2158200795405924
12.25,38.5,Bugna,0.4307200994713679
12.25,38.5,Dehana,0.19426733593905818
12.25,38.75,Bugna,0.625816598894857
12.25,38.75,Dehana,0.3740684430493233
12.25,38.75,Gaz Gibla,0.00011495805582027769
12.25,39.0,Bugna,0.18079459736001202
12.25,39.0,Lasta,0.2135658852444648
12.25,39.0,Dehana,0.04611320947886511
12.25,39.0,Gaz Gibla,0.5595263079166585
12.25,39.25,Raya Kobo,0.004153183893352082
12.25,39.25,Gidan,0.3071832215963794
12.25,39.25,Lasta,0.2124247382128988
12.25,39.25,Gaz Gibla,0.33769563902517524
12.25,39.5,Raya Kobo,0.6303501560895176
12.25,39.5,Gidan,0.0595788791964783
12.25,39.5,Kobo town,0.0008075697599025205
12.25,39.75,Raya Kobo,0.5556085052722949
12.25,39.75,Kobo town,0.007044280526863758
12.5,36.5,Takusa,0.03593505725090309
12.5,36.75,Chilga 1,0.009158806562607112
12.5,36.75,Chilga 2,0.009923472702987069
12.5,36.75,Takusa,0.06224289355329981
12.5,37.0,Chilga 1,0.40670190966214204
12.5,37.0,Chilga 2,0.45692493533911505
12.5,37.0,West Dembiya,0.06800965103302788
12.5,37.0,Aykel town,0.0039774156545759965
12.5,37.25,Kolla Debba town,0.004253452744721085
12.5,37.25,Chilga 1,0.12950007206170908
12.5,37.25,Lay Armacho,0.07119733225370808
12.5,37.25,East Dembia,0.284634040328545
12.5,37.25,Gondar town,0.009394465827479267
12.5,37.25,West Dembiya,0.5010206367838376
12.5,37.5,Lay Armacho,0.020490042951741443
12.5,37.5,Wegera,0.0053036187687050765
12.5,37.5,Gonder Zuria,0.6019150088803897
12.5,37.5,East Dembia,0.09073009529016379
12.5,37.5,Gondar town,0.2815612341090003
12.5,37.75,Wegera,0.06023683288817215
12.5,37.75,Gonder Zuria,0.18306171064665663
12.5,37.75,West Belesa,0.7567014564651716
12.5,38.0,West Belesa,0.366549244376983
12.5,38.0,East Belesa,0.5753682814537335
12.5,38.0,Kinfaz Begela,0.05808247416928333
12.5,38.25,Ebenat,0.16766359936876102
12.5,38.25,East Belesa,0.6876162124827304
12.5,38.25,Kinfaz Begela,0.1447201881485086
12.5,38.5,Ebenat,0.16057560324613873
12.5,38.5,Zequala,0.06685116439605845
12.5,38.5,Dehana,0.6708715996675301
12.5,38.5,East Belesa,0.10170163269027378
12.5,38.75,Zequala,0.13286895201493204
12.5,38.75,Sekota,0.07493507732643226
12.5,38.75,Dehana,0.7910136410042883
12.5,38.75,Amde Work town,0.0011823296543477552
12.5,39.0,Sekota,0.39928130741607565
12.5,39.0,Dehana,0.10951552954837891
12.5,39.0,Gaz Gibla,0.4110733020347769
12.5,39.0,Sekota town,0.08012986100076801
12.5,39.25,Sekota,0.32571502491373167
12.5,39.25,Gaz Gibla,0.06276021540719001
12.75,36.75,Masero Denb /Central Armacho,0.0789033832106766
12.75,37.0,Chilga 1,0.28253421121932565
12.75,37.0,Chilga 2,0.23377335889906864
12.75,37.0,Masero Denb /Central Armacho,0.16021637619822737
12.75,37.25,Chilga 1,0.12920193972882202
12.75,37.25,Lay Armacho,0.5809624202401468
12.75,37.25,Chilga 2,0.13845595676151634
12.75,37.25,Masero Denb /Central Armacho,0.05655088339215264
12.75,37.25,Tach Armacho,0.09482235067175127
12.75,37.5,Amba Giorgis town,0.00648716538096862
12.75,37.5,Lay Armacho,0.5043828629483392
12.75,37.5,Wegera,0.3798791868057505
12.75,37.5,Gonder Zuria,0.01103730646067012
12.75,37.5,Gondar town,0.09821347840427151
12.75,37.75,Amba Giorgis town,0.00445331045358358
12.75,37.75,Wegera,0.8910507860301972
12.75,37.75,West Belesa,0.07504313367595793
12.75,37.75,Kinfaz Begela,0.029452769840261024
12.75,38.0,Wegera,0.005601176884491288
12.75,38.0,West Belesa,0.16475296759353245
12.75,38.0,Kinfaz Begela,0.8296458555219761
12.75,38.25,Janamora,0.09939036536442898
12.75,38.25,Sahila,0.06876963462316496
12.75,38.25,East Belesa,0.1595069679384779
12.75,38.25,Kinfaz Begela,0.6723330320739282
12.75,38.5,Zequala,0.4025305400850312
12.75,38.5,Dehana,0.00036225180879031354
12.75,38.5,Sahila,0.42520526110231216
12.75,38.5,East Belesa,0.1719019470038663
12.75,38.75,Zequala,0.8507568063775832
12.75,38.75,Sekota,0.1035026147792966
12.75,38.75,Sahila,0.04574057884312022
12.75,39.0,Zequala,0.07004736842044872
12.75,39.0,Sekota,0.7083781333940298
12.75,39.0,Abergele (AM),0.02583115923468221
12.75,39.0,Sekota town,0.054201581183319185
12.75,39.0,Tsagbeji,0.1415417577675192
12.75,39.25,Sekota,0.03558166004081157
12.75,39.25,Abergele (AM),0.10726211805667116
12.75,39.25,Tsagbeji,0.4287157002215526
13.0,36.75,Masero Denb /Central Armacho,0.2939382244235923
13.0,37.0,Masero Denb /Central Armacho,0.8694342112133614
13.0,37.0,Tach Armacho,0.1305657887866386
13.0,37.25,Tegede,0.02918654978757953
13.0,37.25,Lay Armacho,0.07136788097570693
13.0,37.25,Masero Denb /Central Armacho,0.08770307597693465
13.0,37.25,Tach Armacho,0.8117424932597787
13.0,37.5,Dabat,0.27657489386351586
13.0,37.5,Tegede,0.05159306943065319
13.0,37.5,Lay Armacho,0.16258157979511345
13.0,37.5,Wegera,0.20065675755869555
13.0,37.5,Tach Armacho,0.30859369935202235
13.0,37.75,Debark,0.05113158448618982
13.0,37.75,Dabat,0.8060898164747764
13.0,37.75,Dabat town,0.006357089219885766
13.0,37.75,Wegera,0.0959983874553591
13.0,37.75,Kinfaz Begela,0.04042312236378991
13.0,38.0,Janamora,0.2446442855719047
13.0,38.0,Debark,0.1526845288414043
13.0,38.0,Dabat,0.06672569221782725
13.0,38.0,Kinfaz Begela,0.5359454933688645
13.0,38.25,Beyeda,0.14078059162039191
13.0,38.25,Janamora,0.7554817090067185
13.0,38.25,Sahila,0.03996450690591738
13.0,38.25,Kinfaz Begela,0.06377319246697247
13.0,38.5,Beyeda,0.10204626651165692
13.0,38.5,Janamora,0.008865478788464979
13.0,38.5,Zequala,0.049683282444280975
13.0,38.5,Abergele (AM),0.009104904158531109
13.0,38.5,Sahila,0.8303000680970661
13.0,38.75,Zequala,0.6742088666912137
13.0,38.75,Abergele (AM),0.2867806721413229
13.0,38.75,Sahila,0.03901046116746383
13.0,39.0,Zequala,0.048249709053842904
13.0,39.0,Sekota,0.01620545739608039
13.0,39.0,Abergele (AM),0.6181926530675648
13.0,39.0,Tsagbeji,0.0211212993065722
13.0,39.25,Abergele (AM),0.1299570673582404
13.25,36.5,Tegede,0.10394286930004196
13.25,36.75,Tegede,0.44453013305325456
13.25,36.75,Masero Denb /Central Armacho,0.22473672174990222
13.25,37.0,Tegede,0.4460235406930135
13.25,37.0,Masero Denb /Central Armacho,0.20864828146481146
13.25,37.0,Tach Armacho,0.2501397254713658
13.25,37.25,Tegede,0.4924308197077617
13.25,37.25,Tach Armacho,0.194134627523582
13.25,37.5,Debark,0.16029373686826043
13.25,37.5,Dabat,0.24240666265687286
13.25,37.5,Tegede,0.5677617160033812
13.25,37.75,Addi Arekay,0.17591834965716865
13.25,37.75,Debark,0.7628086604327027
13.25,37.75,Dabat,0.061272989910129826
13.25,38.0,Addi Arekay,0.5558317252876875
13.25,38.0,Janamora,0.06796917237648838
13.25,38.0,Debark,0.3686516809220019
13.25,38.0,Debark town,0.007547421413821699
13.25,38.25,Addi Arekay,0.21319599215958127
13.25,38.25,Beyeda,0.1272778194829266
13.25,38.25,Janamora,0.5528304530163372
13.25,38.25,Debark,0.0314627204212779
13.25,38.25,Telemt,0.07523301491987694
13.25,38.5,Beyeda,0.762091704968404
13.25,38.5,Telemt,0.013342009902048745
13.25,38.5,Abergele (AM),0.14720503667238802
13.25,38.5,Sahila,0.07736124845715928
13.25,38.75,Beyeda,0.024706852134956093
13.25,38.75,Telemt,0.11693170461640902
13.25,38.75,Zequala,0.006021015205041963
13.25,38.75,Abergele (AM),0.5519896660322765
13.25,39.0,Abergele (AM),0.22429816586545406
13.5,36.5,Tegede,0.2704359436133405
13.5,36.75,Tegede,0.08526961924996744
13.5,37.0,Tegede,0.017277574150155055
13.5,37.5,Debark,0.03086116637840617
13.5,37.75,Addi Arekay,0.3972735592138403
13.5,37.75,Debark,0.10526156598909735
13.5,38.0,Addi Arekay,0.411713319021747
13.5,38.25,Addi Arekay,0.20463215887607783
13.5,38.25,Telemt,0.29680925935589275
13.5,38.5,Beyeda,0.11578301969322763
13.5,38.5,Telemt,0.4882553287733602
13.5,38.75,Beyeda,0.01952639466233097
13.5,38.75,Telemt,0.045839192061042894
13.75,37.75,Addi Arekay,0.0006122403994076255
