adm3_name,false_alarm_rate,miss_rate,mean_mae,mae_2015,mae_2016
Munessa,1.0,0.25,5.5,2.0,9.0
Limu Bilbilo,0.125,0.38461538461538464,5.5,11.0,0.0
Inkolo Wabe,0.14285714285714285,0.5714285714285714,4.0,,4.0
Adama Tulu Jido Kombolcha,0.2857142857142857,0.46153846153846156,8.75,4.0,13.5
Shirka,0.125,0.5384615384615384,4.5,,4.5
Degeluna Tijo,0.14285714285714285,0.07692307692307693,9.333333333333334,,9.333333333333334
Bokoji town,0.0,0.15384615384615385,2.0,,2.0
Robe,0.25,0.23076923076923078,20.0,10.0,30.0
Seru,0.0,0.9230769230769231,5.0,,5.0
Bele Gesgar,0.15384615384615385,0.23076923076923078,21.5,9.0,34.0
Batu town,0.0,0.6153846153846154,3.0,3.0,
Ziway Dugda,0.16666666666666666,0.6923076923076923,21.0,,21.0
Tiyo,0.2857142857142857,0.23076923076923078,6.5,,6.5
Tena,0.08333333333333333,0.21428571428571427,5.166666666666666,7.333333333333333,3.0
Sude,0.17647058823529413,0.4166666666666667,12.5,15.0,10.0
Amigna,0.16666666666666666,0.5,17.75,,17.75
Dugda,0.2857142857142857,0.6153846153846154,14.5,,14.5
Bora (OR),0.0,0.75,,,
Hitosa,0.2222222222222222,0.5833333333333334,20.0,,20.0
Asela town,0.25,0.4166666666666667,11.5,,11.5
Lude Hitosa,0.2222222222222222,0.6666666666666666,11.0,,11.0
Sire,0.0,0.8333333333333334,,,
Diksis,0.125,0.6666666666666666,8.5,,8.5
Chole,0.16666666666666666,0.6923076923076923,12.75,16.0,9.5
Golocha,0.14285714285714285,0.8333333333333334,6.0,,6.0
Nono,0.0,0.1,0.0,0.0,
Ameya,0.0,0.1,1.0,1.0,
Goro (SW Shewa),0.0,0.1,1.0,1.0,
Seden Sodo,0.3333333333333333,0.3333333333333333,8.0,,8.0
Kersana Malima,0.0,0.5384615384615384,4.0,,4.0
Liben Chukala,0.5,0.8333333333333334,15.5,13.0,18.0
Sodo Daci,0.5,0.8333333333333334,14.5,12.0,17.0
Adama,0.0,1.0,,,
Lome (OR),0.25,0.8461538461538461,13.5,,13.5
Dodota,0.0,0.8333333333333334,,,
Adama town,0.0,0.9230769230769231,,,
Dera town,0.0,0.9166666666666666,,,
Jeju,0.0,0.8461538461538461,5.0,5.0,
Merti,0.0,0.8461538461538461,,,
Guna,0.3,0.5,15.333333333333334,,15.333333333333334
Shanan Kolu,0.125,0.6923076923076923,10.0,,10.0
Dano,0.0,0.0,1.0,1.0,
Jibat,1.0,0.0,5.5,5.5,
Wenchi,0.0,0.2,,,
Waliso,1.0,0.4,13.5,,13.5
Woliso town,1.0,0.3,16.0,,16.0
Tole,0.0,0.46153846153846156,4.0,,4.0
Becho (SW Shewa),0.5,0.75,18.0,,18.0
Ada'a,0.16666666666666666,0.5833333333333334,8.5,,8.5
Akaki,0.16666666666666666,0.5,8.25,12.0,4.5
Sebeta Hawas,0.0,0.5,5.0,,5.0
Mojo town,0.0,1.0,,,
Boset,0.09090909090909091,0.7272727272727273,12.0,,12.0
Aseko,0.0,1.0,,,
Illu Galan,0.0,0.0,1.0,1.0,
Tikur Enchini,0.0,0.1,1.0,1.0,
Liban Jawi,0.0,0.1,1.0,1.0,
Ambo Zuria,1.0,0.4,18.0,,18.0
Toke Kutaye,1.0,0.2,10.0,3.0,17.0
Dendi,1.0,0.6,18.0,,18.0
Dawo,0.0,0.8333333333333334,,,
Ejersa Lafo,0.16666666666666666,0.07692307692307693,6.333333333333334,6.666666666666667,6.0
Ilu,0.0,0.8333333333333334,,,
Ejere /Addis Alem,1.0,0.75,11.0,,11.0
Welmera,0.0,0.8333333333333334,,,
Sebeta,1.0,0.6666666666666666,11.0,,11.0
Bishoftu town,0.16666666666666666,0.5,5.0,,5.0
Furi,0.0,0.8333333333333334,,,
Galan,0.0,0.5,4.5,,4.5
Galan Gudo,0.0,0.5,3.5,,3.5
Koye,0.2857142857142857,0.5,7.0,,7.0
Minjar Shenkora,0.07692307692307693,0.5833333333333334,5.0,,5.0
Gimbichu,0.2857142857142857,0.15384615384615385,8.95,7.4,10.5
Fentale,0.0,1.0,,,
Bako Tibe,1.0,0.0,4.5,4.5,
Cheliya,0.0,0.1,1.0,1.0,
Mida Kegn,1.0,0.3,18.0,,18.0
Ambo town,1.0,0.3,10.0,3.0,17.0
Ifata,1.0,0.08333333333333333,4.75,0.5,9.0
Holeta town,1.0,0.5833333333333334,11.0,,11.0
Gefersa Guje,0.0,0.8333333333333334,,,
Melka Nonno,0.0,0.8333333333333334,,,
Burayu,0.0,0.8333333333333334,,,
Eka Tafo,0.16666666666666666,0.5,6.5,,6.5
Mana Abichu,0.16666666666666666,0.5,6.0,,6.0
Sululta,0.375,0.5,10.25,13.0,7.5
Aleltu,0.3333333333333333,0.5384615384615384,10.25,12.5,8.0
Bereh,0.375,0.5,9.75,12.0,7.5
Sendafa town,0.375,0.5,10.5,13.0,8.0
Kura Jida,0.375,0.5,9.75,12.0,7.5
Hagere Mariam,0.0625,0.5,5.0,,5.0
Berehet,0.05263157894736842,0.8333333333333334,14.0,,14.0
Arerti town,0.045454545454545456,0.45454545454545453,5.0,,5.0
Metehara town,0.0,1.0,,,
Ginde Beret,1.0,0.2,10.5,2.0,19.0
Cobi,1.0,0.2,10.0,2.0,18.0
Jeldu,1.0,0.16666666666666666,4.75,0.5,9.0
Meta Robi,1.0,0.6666666666666666,12.0,,12.0
Adda Berga,0.16666666666666666,0.46153846153846156,3.5,,3.5
Sululta (OR),0.3333333333333333,0.5,10.5,13.0,8.0
Mulo,0.16666666666666666,0.46153846153846156,5.5,,5.5
Jida,0.21428571428571427,0.07692307692307693,6.75,5.0,8.5
Chancho town,0.375,0.5,10.25,13.0,7.5
Kimbibit,0.0,0.0,4.0,4.0,4.0
Angolelana Tera,0.125,0.6428571428571429,4.0,,4.0
Tulefa town,0.13333333333333333,0.15384615384615385,7.416666666666667,3.3333333333333335,11.5
Sheno town,0.13333333333333333,0.15384615384615385,7.416666666666667,3.3333333333333335,11.5
Assagirt,0.1,0.5833333333333334,6.333333333333333,,6.333333333333333
Ankober,0.0,0.9166666666666666,,,
Abuna Ginde Beret,1.0,0.2,10.0,1.0,19.0
Meta Walkite,1.0,0.5,20.0,,20.0
Kuyu,1.0,0.5,20.0,,20.0
Degem,0.16666666666666666,0.46153846153846156,5.25,5.25,
Yaya Gulele,0.14285714285714285,0.46153846153846156,8.5,12.0,5.0
Debre Libanos,0.0,0.5714285714285714,3.5,,3.5
Wuchale,0.07142857142857142,0.15384615384615385,5.5,3.0,8.0
Abichugna Gne'a,0.0,0.0,1.8333333333333333,0.6666666666666666,3.0
Basona Worena,0.2,0.6428571428571429,8.25,,8.25
Debre Berhan town,0.0,0.5714285714285714,4.0,,4.0
Baso Liben,1.0,0.4,20.0,,20.0
Wara Jarso,1.0,0.5,20.0,,20.0
Hidabu Abote,1.0,0.9166666666666666,13.0,13.0,
Gerar Jarso,0.0,0.14285714285714285,3.083333333333333,2.6666666666666665,3.5
Garba Guracha,0.0,0.7692307692307693,,,
Ensaro,0.2,0.5714285714285714,6.75,,6.75
Fiche town,0.0,0.14285714285714285,2.0,0.5,3.5
Moretna Jiru,0.2,0.6153846153846154,6.25,,6.25
Siya Debirna Wayu,0.0625,0.14285714285714285,4.916666666666666,6.333333333333333,3.5
Mojan Wedera,0.2,0.6923076923076923,8.25,,8.25
Tarema Ber,0.1,0.9166666666666666,18.0,,18.0
Debre Sina town,0.1,0.8333333333333334,12.0,,12.0
Kewet,0.0,1.0,,,
Debre Elias,0.0,0.4,1.0,1.0,
Guzamn,0.0,0.3,,,
Aneded,0.0,0.3,,,
Awabel,0.5,0.6,19.0,,19.0
Dejen,0.5,0.6,20.0,,20.0
Shebel Bernta,0.29411764705882354,0.07692307692307693,8.5,5.25,11.75
Dera (OR),0.13333333333333333,0.07692307692307693,5.833333333333334,4.0,7.666666666666667
Mida Woremo,0.25,0.7692307692307693,11.5,,11.5
Merhabete,0.14285714285714285,0.7692307692307693,9.0,,9.0
Aleme Ketma town,0.07142857142857142,0.38461538461538464,5.0,1.0,9.0
Menze Mama Midir,0.18181818181818182,0.6923076923076923,10.0,,10.0
Menze Keya Gabriel,0.25,0.7692307692307693,12.0,,12.0
Menze Lalo Midir,0.2,0.6923076923076923,6.5,,6.5
Enewari town,0.11764705882352941,0.5384615384615384,6.5,,6.5
Molale town,0.05263157894736842,0.8333333333333334,12.0,,12.0
Eferatana Gidem,0.0,0.9166666666666666,,,
Shoa Robit,0.0,1.0,,,
Wemberma,1.0,0.0,11.5,11.5,
Bure (AM),1.0,0.25,8.0,8.0,
Dembecha,0.0,0.3,,,
Jabi Tehnan,0.0,0.3,1.0,1.0,
Michakel,0.0,0.3,,,
Debre Markos town,0.3333333333333333,0.0,14.0,14.0,
Enemay,0.42857142857142855,0.75,12.0,7.0,17.0
Debay Telatgen,0.0,0.8,,,
Lumame town,0.5,0.4,10.0,10.0,
Dejen town,0.0,0.2727272727272727,2.0,2.0,
Wegde,0.3684210526315789,0.16666666666666666,23.6,36.2,11.0
Kelela,0.1875,0.16666666666666666,7.333333333333333,2.0,12.666666666666666
Jama,0.2857142857142857,0.8461538461538461,13.0,,13.0
Were Ilu,0.09523809523809523,0.5,14.166666666666668,12.333333333333334,16.0
Menze Gera Midir,0.18181818181818182,0.6923076923076923,9.666666666666666,,9.666666666666666
Mehal Meda town,0.11538461538461539,0.16666666666666666,10.083333333333332,10.5,9.666666666666666
Ataye town,0.038461538461538464,0.8461538461538461,6.0,6.0,
Amanuel town,0.0,0.2,1.0,1.0,
Denbecha town,0.0,0.2,1.0,1.0,
Senan,0.0,0.3,,,
Enarj Enawga,0.45454545454545453,0.5384615384615384,15.625,19.0,12.25
Bechena town,0.09090909090909091,0.46153846153846156,10.75,4.5,17.0
Borena /Debresina,0.2857142857142857,0.07692307692307693,23.75,40.5,7.0
Wegedi town,0.35,0.16666666666666666,21.875,30.75,13.0
Legehida,0.25,0.8461538461538461,11.5,,11.5
Kelala town,0.125,0.25,6.5,1.5,11.5
Degolo town,0.2857142857142857,0.8461538461538461,13.5,,13.5
Wereilu town,0.045454545454545456,0.5,8.5,1.0,16.0
Gishe Rabel,0.041666666666666664,0.5,9.5,2.0,17.0
Antsokiya,0.0,0.7272727272727273,3.0,3.0,
Sekela,1.0,0.3,6.5,6.5,
Shendi town,1.0,0.125,11.0,11.0,
Bure town,1.0,0.125,11.0,11.0,
Finote Selam town,0.0,0.2,2.0,2.0,
Jiga town,0.0,0.3,1.0,1.0,
Quarit,0.0,0.4,1.0,1.0,
Dega Damot,1.0,0.5,21.0,,21.0
Bibugn,0.0,0.7692307692307693,,,
Hulet Ej Enese,0.4,0.75,13.0,,13.0
Goncha Siso Enebse,0.42857142857142855,0.6153846153846154,17.25,19.0,15.5
Enebse Sarmder,0.23809523809523808,0.07692307692307693,14.25,21.5,7.0
Debrework town,0.21428571428571427,0.3333333333333333,9.625,6.75,12.5
Merto Lemariyam town,0.14285714285714285,0.25,7.875,6.75,9.0
Mehal Sayint,0.4,0.3333333333333333,24.125,32.25,16.0
Mekane Selam town,0.3,0.07692307692307693,24.333333333333332,42.0,6.666666666666667
Legambo,0.2631578947368421,0.25,20.5,30.0,11.0
Akeseta town,0.10526315789473684,0.4166666666666667,13.125,11.25,15.0
Albuko,0.04,0.5454545454545454,9.5,2.0,17.0
Dessie Zuria,0.08333333333333333,0.5833333333333334,10.25,3.5,17.0
Kalu,0.043478260869565216,0.8333333333333334,6.0,6.0,
Argoba,0.0,1.0,,,
Mota town,0.4,0.75,15.0,,15.0
Sedae,0.3076923076923077,0.3333333333333333,12.125,8.25,16.0
Gundwoin town,0.2727272727272727,0.3333333333333333,10.25,5.5,15.0
Semada,0.3157894736842105,0.08333333333333333,11.0,12.0,10.0
Sayint,0.16666666666666666,0.4166666666666667,10.666666666666666,4.333333333333333,17.0
Tenta,0.15,0.6923076923076923,17.75,20.5,15.0
Mekdela,0.07142857142857142,0.46153846153846156,8.5,0.0,17.0
Gimeba town,0.10526315789473684,0.5,12.625,10.25,15.0
Dessie town,0.043478260869565216,0.8333333333333334,6.0,6.0,
Kombolcha town,0.0,0.7272727272727273,2.0,2.0,
Harbu town,0.0,0.6363636363636364,2.0,2.0,
Dera (AM),0.25,0.07692307692307693,19.0,19.0,
Andabet /West Esite,0.0,0.3076923076923077,1.0,,1.0
East Esite,0.5,0.38461538461538464,14.0,,14.0
Sede Muja,0.3333333333333333,0.45454545454545453,17.5,18.0,17.0
Tach Gayint,0.16666666666666666,0.38461538461538464,10.166666666666666,3.3333333333333335,17.0
Dawunt,0.19047619047619047,0.07692307692307693,12.5,20.25,4.75
Kutaber,0.043478260869565216,0.9166666666666666,7.0,7.0,
Ambasel,0.043478260869565216,0.9166666666666666,8.0,8.0,
Thehulederie,0.043478260869565216,0.9166666666666666,6.0,6.0,
Worebabu,0.0,1.0,,,
Hike town,0.08333333333333333,0.8333333333333334,7.0,7.0,
Mekan Eyesuse,0.5,0.25,13.0,13.0,
Lay Gayint,0.3333333333333333,0.6923076923076923,9.0,,9.0
Wegeda town,0.21428571428571427,0.16666666666666666,9.25,10.0,8.5
Meket,0.15789473684210525,0.0,6.833333333333333,3.0,10.666666666666666
Wadla,0.05,0.07692307692307693,2.5,0.0,5.0
Gashena town,0.16666666666666666,0.21428571428571427,4.125,0.0,8.25
Delanta,0.10526315789473684,0.46153846153846156,14.166666666666668,12.333333333333334,16.0
Guba Lafto,0.06896551724137931,0.6153846153846154,6.75,3.0,10.5
Wegel tena town,0.10526315789473684,0.46153846153846156,13.0,10.0,16.0
Habru,0.0,1.0,,,
Alefa,0.0,0.45454545454545453,,,
Fogera,0.6666666666666666,0.5,18.5,,18.5
Hamusit town,0.5,0.3333333333333333,6.0,1.0,11.0
Farta,0.5,0.4166666666666667,7.0,,7.0
Debre Tabor town,0.6666666666666666,0.4166666666666667,19.5,17.0,22.0
Guna Begemider,0.4,0.75,17.0,,17.0
Nefas Mewicha town,0.1875,0.23076923076923078,6.833333333333333,3.6666666666666665,10.0
Filakit town,0.15789473684210525,0.0,6.416666666666667,3.3333333333333335,9.5
Gazo,0.05,0.07692307692307693,2.5,0.0,5.0
Gidan,0.12,0.3333333333333333,10.666666666666668,13.333333333333334,8.0
Angot,0.06666666666666667,0.5384615384615384,8.0,1.0,15.0
Raya Kobo,0.0,0.8461538461538461,,,
Woldiya town,0.04,0.7272727272727273,16.0,,16.0
Hara town,0.0,1.0,,,
Mersa town,0.0,1.0,,,
Takusa,0.2,0.38461538461538464,7.0,,7.0
Shawra town,0.5,0.4166666666666667,16.0,,16.0
West Dembiya,0.0,0.75,,,
Libokemekem,0.15384615384615385,0.08333333333333333,6.5,8.0,5.0
Gonder Zuria,0.26666666666666666,0.08333333333333333,7.5,8.5,6.5
East Dembia,0.14285714285714285,0.5,8.0,8.0,
Woreta town,0.0,0.8333333333333334,,,
Adiss Zemen town,0.14285714285714285,0.5,7.5,7.5,
Ebenat,0.25,0.7692307692307693,10.5,,10.5
Ebenat town,0.25,0.5,7.5,,7.5
Mena Meketewa,0.25,0.7692307692307693,12.0,,12.0
Bugna,0.1111111111111111,0.0,3.366666666666667,2.3333333333333335,4.4
Lasta,0.13636363636363635,0.0,10.416666666666668,13.333333333333334,7.5
Lalibela town,0.22727272727272727,0.0,13.325,20.25,6.4
Gaz Gibla,0.14285714285714285,0.16666666666666666,9.5,10.0,9.0
Chilga 2,0.0,0.9,,,
West Belesa,0.25,0.8461538461538461,11.0,,11.0
East Belesa,0.0,0.75,3.0,,3.0
Dehana,0.15789473684210525,0.15384615384615385,3.0,0.5,5.5
Kobo town,0.0,1.0,,,
Chilga 1,0.0,0.9,,,
Aykel town,0.0,0.3076923076923077,3.0,,3.0
Kolla Debba town,0.14285714285714285,0.5,6.0,,6.0
Lay Armacho,1.0,0.9,14.0,14.0,
Gondar town,0.25,0.5,6.5,,6.5
Wegera,0.3333333333333333,0.6666666666666666,9.666666666666666,,9.666666666666666
Kinfaz Begela,0.2727272727272727,0.7692307692307693,14.333333333333334,,14.333333333333334
Zequala,0.22727272727272727,0.46153846153846156,16.4,15.8,17.0
Sekota,0.2608695652173913,0.2727272727272727,12.083333333333334,16.5,7.666666666666667
Amde Work town,0.10526315789473684,0.15384615384615385,3.0833333333333335,0.5,5.666666666666667
Sekota town,0.25,0.3076923076923077,12.966666666666667,14.6,11.333333333333334
Masero Denb /Central Armacho,1.0,0.9,13.0,13.0,
Tach Armacho,0.5,0.75,15.0,13.0,17.0
Amba Giorgis town,0.5,0.9166666666666666,13.0,13.0,
Janamora,0.4,0.46153846153846156,8.0,,8.0
Sahila,0.13636363636363635,0.4166666666666667,8.583333333333332,14.166666666666666,3.0
Abergele (AM),0.19047619047619047,0.6666666666666666,15.5,17.0,14.0
Tsagbeji,0.17391304347826086,0.18181818181818182,10.0,15.333333333333334,4.666666666666667
Tegede,0.4,0.75,15.0,13.0,17.0
Dabat,0.5,0.75,15.5,13.0,18.0
Debark,0.5,0.75,16.0,14.0,18.0
Dabat town,0.3333333333333333,0.6923076923076923,11.666666666666666,,11.666666666666666
Beyeda,0.25,0.5,12.666666666666668,9.333333333333334,16.0
Addi Arekay,0.5,0.75,16.0,14.0,18.0
Debark town,0.45454545454545453,0.5,10.875,14.0,7.75
Telemt,0.14285714285714285,0.9166666666666666,15.0,,15.0
